<?xml version="1.0" encoding="UTF-8"?>
<!DOCTYPE hibernate-mapping PUBLIC "-//Hibernate/Hibernate Mapping DTD 3.0//EN" 
"http://hibernate.sourceforge.net/hibernate-mapping-3.0.dtd">
<hibernate-mapping>
	<class name="datos.Plan" table="plan">
		<id column="id_plan" name="idPlan">
			<generator class="identity"></generator>
		</id>
		<property name="nombre" column="nombre" type="string"></property>
		<property name="costoBase" column="costo_base" type="double"></property>
		<property name="descuento" column="descuento" type="double"></property>
		<property name="cobertura" column="cobertura" type="string"></property>
		
		<joined-subclass name="datos.Base" table="base">
			<key column="id_base"></key>
			<property name="limiteConsultasGratis" column="limite_consultas_gratis" type="int"></property>
			<property name="costoAdicional" column="costo_adicional" type="double"></property>
		</joined-subclass>
		
		<joined-subclass name="datos.Premium" table="premium">
			<key column="id_premium"></key>
			<property name="servicioAdicional" column="servicio_adicional" type="string"></property>
			<property name="tarifaAdicional" column="tarifa_adicional" type="double"></property>
		</joined-subclass>
	</class>
</hibernate-mapping>